[{
  "ProductName": "Smart Phone",
  "Category": "Electronic",
  "Price": 999,
  "Discount": 900,
  "ProductImage": "",
  "Description": "cell phone",
  "TopProduct": false

},{
  
  "ProductName": "Laptop",
  "Category": "Computer",
  "Price": 700,
  "Discount": 500,
  "ProductImage": "",
  "Description": "Touch screen laptop",
  "TopProduct": false
},{
  
  "ProductName": "Fitbit",
  "Category": "Watch",
  "Price": 100,
  "Discount": 50,
  "ProductImage": "",
  "Description": "watch",
  "TopProduct": false
},{
  
  "ProductName": "Iphone13",
  "Category": "Electronic",
  "Price": 1099,
  "Discount": 1000,
  "ProductImage": "",
  "Description": "cell phone",
  "TopProduct": true
},{
  
  "ProductName": "Tablet",
  "Category": "Computer",
  "Price": 500,
  "Discount": 400,
  "ProductImage": "",
  "Description": "Touch screen, portable",
  "TopProduct": false
},{
  
  "ProductName": "Apple Watch",
  "Category": "Watch",
  "Price": 250,
  "Discount": 199,
  "ProductImage": "",
  "Description": "watch",
  "TopProduct": true
},{
 
  "ProductName": "Samsung Galaxy",
  "Category": "Electronic",
  "Price": 1099,
  "Discount": 1000,
  "ProductImage": "",
  "Description": "cell phone",
  "TopProduct": true
},{
  
  "ProductName": "Mac book",
  "Category": "Computer",
  "Price": 1500,
  "Discount": 1400,
  "ProductImage": "",
  "ProductDescription": "Touch screen, portable",
  "TopProduct": true
},{
  
  "ProductName": "Samsung Watch",
  "Category": "Watch",
  "Price": 150,
  "Discount": 100,
  "ProductImage": "",
  "Description": "watch",
  "TopProduct": true
},{
  
  "ProductName": "Smart Lighting",
  "Category": "Smart Home",
  "Price": 25,
  "Discount": 20,
  "ProductImage": "",
  "Description": "wi-fi operate smart Light",
  "TopProduct": false
},{
  
  "ProductName": "Smart DoorLocks",
  "Category": "Smart Home",
  "Price": 25,
  "Discount": 20,
  "ProductImage": "",
  "Description": "wi-fi operate smart auto-door locks",
  "TopProduct": false
},{
 
  "ProductName": "Web Cam",
  "Category": "Smart Home",
  "Price": 50,
  "Discount": 40,
  "ProductImage": "",
  "Description": "wi-fi operated outdoor camera",
  "TopProduct": false
},{
  
  "ProductName": "Alexa speaker",
  "Category": "Smart Home",
  "Price": 25,
  "Discount": 20,
  "ProductImage": "",
  "Description": "smart speaker",
  "TopProduct": true
},{
  
  "ProductName": "Smart Thermostate",
  "Category": "Smart Home",
  "Price": 70,
  "Discount": 50,
  "ProductImage": "",
  "Description": "Thermostate",
  "TopProduct": false
}]